DATAFLOW,LAST UPDATE,freq,nrg_bal,unit,geo,TIME_PERIOD,OBS_VALUE,OBS_FLAG,CONF_STATUS
ESTAT:NRG_IND_REN$DEFAULTVIEW(1.0),19/09/24 23:00:00,Annual,Renewable energy - overall,Percentage,Albania,2014,31.856,,
ESTAT:NRG_IND_REN$DEFAULTVIEW(1.0),19/09/24 23:00:00,Annual,Renewable energy - overall,Percentage,Albania,2015,34.913,,
ESTAT:NRG_IND_REN$DEFAULTVIEW(1.0),19/09/24 23:00:00,Annual,Renewable energy - overall,Percentage,Albania,2016,36.953,,
ESTAT:NRG_IND_REN$DEFAULTVIEW(1.0),19/09/24 23:00:00,Annual,Renewable energy - overall,Percentage,Albania,2017,35.776,,
ESTAT:NRG_IND_REN$DEFAULTVIEW(1.0),19/09/24 23:00:00,Annual,Renewable energy - overall,Percentage,Albania,2018,36.572,,
ESTAT:NRG_IND_REN$DEFAULTVIEW(1.0),19/09/24 23:00:00,Annual,Renewable energy - overall,Percentage,Albania,2019,38.042,,
ESTAT:NRG_IND_REN$DEFAULTVIEW(1.0),19/09/24 23:00:00,Annual,Renewable energy - overall,Percentage,Albania,2020,45.015,,
ESTAT:NRG_IND_REN$DEFAULTVIEW(1.0),19/09/24 23:00:00,Annual,Renewable energy - overall,Percentage,Albania,2021,41.389,,
ESTAT:NRG_IND_REN$DEFAULTVIEW(1.0),19/09/24 23:00:00,Annual,Renewable energy - overall,Percentage,Albania,2022,44.076,,
ESTAT:NRG_IND_REN$DEFAULTVIEW(1.0),19/09/24 23:00:00,Annual,Renewable energy - overall,Percentage,Albania,2023,46.620,,
ESTAT:NRG_IND_REN$DEFAULTVIEW(1.0),19/09/24 23:00:00,Annual,Renewable energy - overall,Percentage,Austria,2014,33.55,,
ESTAT:NRG_IND_REN$DEFAULTVIEW(1.0),19/09/24 23:00:00,Annual,Renewable energy - overall,Percentage,Austria,2015,33.497,,
ESTAT:NRG_IND_REN$DEFAULTVIEW(1.0),19/09/24 23:00:00,Annual,Renewable energy - overall,Percentage,Austria,2016,33.37,,
ESTAT:NRG_IND_REN$DEFAULTVIEW(1.0),19/09/24 23:00:00,Annual,Renewable energy - overall,Percentage,Austria,2017,33.136,,
ESTAT:NRG_IND_REN$DEFAULTVIEW(1.0),19/09/24 23:00:00,Annual,Renewable energy - overall,Percentage,Austria,2018,33.784,,
ESTAT:NRG_IND_REN$DEFAULTVIEW(1.0),19/09/24 23:00:00,Annual,Renewable energy - overall,Percentage,Austria,2019,33.755,,
ESTAT:NRG_IND_REN$DEFAULTVIEW(1.0),19/09/24 23:00:00,Annual,Renewable energy - overall,Percentage,Austria,2020,36.545,,
ESTAT:NRG_IND_REN$DEFAULTVIEW(1.0),19/09/24 23:00:00,Annual,Renewable energy - overall,Percentage,Austria,2021,34.792,,
ESTAT:NRG_IND_REN$DEFAULTVIEW(1.0),19/09/24 23:00:00,Annual,Renewable energy - overall,Percentage,Austria,2022,34.075,,
ESTAT:NRG_IND_REN$DEFAULTVIEW(1.0),19/09/24 23:00:00,Annual,Renewable energy - overall,Percentage,Austria,2023,40.844,,
ESTAT:NRG_IND_REN$DEFAULTVIEW(1.0),19/09/24 23:00:00,Annual,Renewable energy - overall,Percentage,Bosnia and Herzegovina,2014,24.873,,
ESTAT:NRG_IND_REN$DEFAULTVIEW(1.0),19/09/24 23:00:00,Annual,Renewable energy - overall,Percentage,Bosnia and Herzegovina,2015,26.607,,
ESTAT:NRG_IND_REN$DEFAULTVIEW(1.0),19/09/24 23:00:00,Annual,Renewable energy - overall,Percentage,Bosnia and Herzegovina,2016,25.358,,
ESTAT:NRG_IND_REN$DEFAULTVIEW(1.0),19/09/24 23:00:00,Annual,Renewable energy - overall,Percentage,Bosnia and Herzegovina,2017,23.241,,
ESTAT:NRG_IND_REN$DEFAULTVIEW(1.0),19/09/24 23:00:00,Annual,Renewable energy - overall,Percentage,Bosnia and Herzegovina,2018,35.972,,
ESTAT:NRG_IND_REN$DEFAULTVIEW(1.0),19/09/24 23:00:00,Annual,Renewable energy - overall,Percentage,Bosnia and Herzegovina,2019,37.454,,
ESTAT:NRG_IND_REN$DEFAULTVIEW(1.0),19/09/24 23:00:00,Annual,Renewable energy - overall,Percentage,Bosnia and Herzegovina,2020,39.835,,
ESTAT:NRG_IND_REN$DEFAULTVIEW(1.0),19/09/24 23:00:00,Annual,Renewable energy - overall,Percentage,Bosnia and Herzegovina,2021,36.562,,
ESTAT:NRG_IND_REN$DEFAULTVIEW(1.0),19/09/24 23:00:00,Annual,Renewable energy - overall,Percentage,Bosnia and Herzegovina,2022,39.294,,
ESTAT:NRG_IND_REN$DEFAULTVIEW(1.0),19/09/24 23:00:00,Annual,Renewable energy - overall,Percentage,Bosnia and Herzegovina,2023,40.011,,
ESTAT:NRG_IND_REN$DEFAULTVIEW(1.0),19/09/24 23:00:00,Annual,Renewable energy - overall,Percentage,Belgium,2014,8.038,,
ESTAT:NRG_IND_REN$DEFAULTVIEW(1.0),19/09/24 23:00:00,Annual,Renewable energy - overall,Percentage,Belgium,2015,8.06,,
ESTAT:NRG_IND_REN$DEFAULTVIEW(1.0),19/09/24 23:00:00,Annual,Renewable energy - overall,Percentage,Belgium,2016,8.744,,
ESTAT:NRG_IND_REN$DEFAULTVIEW(1.0),19/09/24 23:00:00,Annual,Renewable energy - overall,Percentage,Belgium,2017,9.136,,
ESTAT:NRG_IND_REN$DEFAULTVIEW(1.0),19/09/24 23:00:00,Annual,Renewable energy - overall,Percentage,Belgium,2018,9.472,,
ESTAT:NRG_IND_REN$DEFAULTVIEW(1.0),19/09/24 23:00:00,Annual,Renewable energy - overall,Percentage,Belgium,2019,9.929,,
ESTAT:NRG_IND_REN$DEFAULTVIEW(1.0),19/09/24 23:00:00,Annual,Renewable energy - overall,Percentage,Belgium,2020,13,,
ESTAT:NRG_IND_REN$DEFAULTVIEW(1.0),19/09/24 23:00:00,Annual,Renewable energy - overall,Percentage,Belgium,2021,13.076,,
ESTAT:NRG_IND_REN$DEFAULTVIEW(1.0),19/09/24 23:00:00,Annual,Renewable energy - overall,Percentage,Belgium,2022,13.816,,
ESTAT:NRG_IND_REN$DEFAULTVIEW(1.0),19/09/24 23:00:00,Annual,Renewable energy - overall,Percentage,Belgium,2023,14.741,,
ESTAT:NRG_IND_REN$DEFAULTVIEW(1.0),19/09/24 23:00:00,Annual,Renewable energy - overall,Percentage,Bulgaria,2014,18.05,,
ESTAT:NRG_IND_REN$DEFAULTVIEW(1.0),19/09/24 23:00:00,Annual,Renewable energy - overall,Percentage,Bulgaria,2015,18.261,,
ESTAT:NRG_IND_REN$DEFAULTVIEW(1.0),19/09/24 23:00:00,Annual,Renewable energy - overall,Percentage,Bulgaria,2016,18.76,,
ESTAT:NRG_IND_REN$DEFAULTVIEW(1.0),19/09/24 23:00:00,Annual,Renewable energy - overall,Percentage,Bulgaria,2017,18.695,,
ESTAT:NRG_IND_REN$DEFAULTVIEW(1.0),19/09/24 23:00:00,Annual,Renewable energy - overall,Percentage,Bulgaria,2018,20.581,,
ESTAT:NRG_IND_REN$DEFAULTVIEW(1.0),19/09/24 23:00:00,Annual,Renewable energy - overall,Percentage,Bulgaria,2019,21.545,,
ESTAT:NRG_IND_REN$DEFAULTVIEW(1.0),19/09/24 23:00:00,Annual,Renewable energy - overall,Percentage,Bulgaria,2020,23.319,,
ESTAT:NRG_IND_REN$DEFAULTVIEW(1.0),19/09/24 23:00:00,Annual,Renewable energy - overall,Percentage,Bulgaria,2021,19.445,,
ESTAT:NRG_IND_REN$DEFAULTVIEW(1.0),19/09/24 23:00:00,Annual,Renewable energy - overall,Percentage,Bulgaria,2022,19.044,,
ESTAT:NRG_IND_REN$DEFAULTVIEW(1.0),19/09/24 23:00:00,Annual,Renewable energy - overall,Percentage,Bulgaria,2023,22.549,,
ESTAT:NRG_IND_REN$DEFAULTVIEW(1.0),19/09/24 23:00:00,Annual,Renewable energy - overall,Percentage,Cyprus,2014,9.144,,
ESTAT:NRG_IND_REN$DEFAULTVIEW(1.0),19/09/24 23:00:00,Annual,Renewable energy - overall,Percentage,Cyprus,2015,9.903,,
ESTAT:NRG_IND_REN$DEFAULTVIEW(1.0),19/09/24 23:00:00,Annual,Renewable energy - overall,Percentage,Cyprus,2016,9.833,,
ESTAT:NRG_IND_REN$DEFAULTVIEW(1.0),19/09/24 23:00:00,Annual,Renewable energy - overall,Percentage,Cyprus,2017,10.478,,
ESTAT:NRG_IND_REN$DEFAULTVIEW(1.0),19/09/24 23:00:00,Annual,Renewable energy - overall,Percentage,Cyprus,2018,13.873,,
ESTAT:NRG_IND_REN$DEFAULTVIEW(1.0),19/09/24 23:00:00,Annual,Renewable energy - overall,Percentage,Cyprus,2019,13.777,,
ESTAT:NRG_IND_REN$DEFAULTVIEW(1.0),19/09/24 23:00:00,Annual,Renewable energy - overall,Percentage,Cyprus,2020,16.879,,
ESTAT:NRG_IND_REN$DEFAULTVIEW(1.0),19/09/24 23:00:00,Annual,Renewable energy - overall,Percentage,Cyprus,2021,19.069,,
ESTAT:NRG_IND_REN$DEFAULTVIEW(1.0),19/09/24 23:00:00,Annual,Renewable energy - overall,Percentage,Cyprus,2022,19.427,,
ESTAT:NRG_IND_REN$DEFAULTVIEW(1.0),19/09/24 23:00:00,Annual,Renewable energy - overall,Percentage,Cyprus,2023,20.213,,
ESTAT:NRG_IND_REN$DEFAULTVIEW(1.0),19/09/24 23:00:00,Annual,Renewable energy - overall,Percentage,Czechia,2014,15.074,,
ESTAT:NRG_IND_REN$DEFAULTVIEW(1.0),19/09/24 23:00:00,Annual,Renewable energy - overall,Percentage,Czechia,2015,15.07,,
ESTAT:NRG_IND_REN$DEFAULTVIEW(1.0),19/09/24 23:00:00,Annual,Renewable energy - overall,Percentage,Czechia,2016,14.926,,
ESTAT:NRG_IND_REN$DEFAULTVIEW(1.0),19/09/24 23:00:00,Annual,Renewable energy - overall,Percentage,Czechia,2017,14.799,,
ESTAT:NRG_IND_REN$DEFAULTVIEW(1.0),19/09/24 23:00:00,Annual,Renewable energy - overall,Percentage,Czechia,2018,15.139,,
ESTAT:NRG_IND_REN$DEFAULTVIEW(1.0),19/09/24 23:00:00,Annual,Renewable energy - overall,Percentage,Czechia,2019,16.239,,
ESTAT:NRG_IND_REN$DEFAULTVIEW(1.0),19/09/24 23:00:00,Annual,Renewable energy - overall,Percentage,Czechia,2020,17.303,,
ESTAT:NRG_IND_REN$DEFAULTVIEW(1.0),19/09/24 23:00:00,Annual,Renewable energy - overall,Percentage,Czechia,2021,17.614,,
ESTAT:NRG_IND_REN$DEFAULTVIEW(1.0),19/09/24 23:00:00,Annual,Renewable energy - overall,Percentage,Czechia,2022,18.123,,
ESTAT:NRG_IND_REN$DEFAULTVIEW(1.0),19/09/24 23:00:00,Annual,Renewable energy - overall,Percentage,Czechia,2023,18.586,,
ESTAT:NRG_IND_REN$DEFAULTVIEW(1.0),19/09/24 23:00:00,Annual,Renewable energy - overall,Percentage,Germany,2014,14.381,,
ESTAT:NRG_IND_REN$DEFAULTVIEW(1.0),19/09/24 23:00:00,Annual,Renewable energy - overall,Percentage,Germany,2015,14.901,,
ESTAT:NRG_IND_REN$DEFAULTVIEW(1.0),19/09/24 23:00:00,Annual,Renewable energy - overall,Percentage,Germany,2016,14.885,,
ESTAT:NRG_IND_REN$DEFAULTVIEW(1.0),19/09/24 23:00:00,Annual,Renewable energy - overall,Percentage,Germany,2017,15.472,,
ESTAT:NRG_IND_REN$DEFAULTVIEW(1.0),19/09/24 23:00:00,Annual,Renewable energy - overall,Percentage,Germany,2018,16.66,,
ESTAT:NRG_IND_REN$DEFAULTVIEW(1.0),19/09/24 23:00:00,Annual,Renewable energy - overall,Percentage,Germany,2019,17.266,,
ESTAT:NRG_IND_REN$DEFAULTVIEW(1.0),19/09/24 23:00:00,Annual,Renewable energy - overall,Percentage,Germany,2020,19.09,,
ESTAT:NRG_IND_REN$DEFAULTVIEW(1.0),19/09/24 23:00:00,Annual,Renewable energy - overall,Percentage,Germany,2021,19.300,,
ESTAT:NRG_IND_REN$DEFAULTVIEW(1.0),19/09/24 23:00:00,Annual,Renewable energy - overall,Percentage,Germany,2022,20.814,,
ESTAT:NRG_IND_REN$DEFAULTVIEW(1.0),19/09/24 23:00:00,Annual,Renewable energy - overall,Percentage,Germany,2023,21.562,,
ESTAT:NRG_IND_REN$DEFAULTVIEW(1.0),19/09/24 23:00:00,Annual,Renewable energy - overall,Percentage,Denmark,2014,29.31,,
ESTAT:NRG_IND_REN$DEFAULTVIEW(1.0),19/09/24 23:00:00,Annual,Renewable energy - overall,Percentage,Denmark,2015,30.469,,
ESTAT:NRG_IND_REN$DEFAULTVIEW(1.0),19/09/24 23:00:00,Annual,Renewable energy - overall,Percentage,Denmark,2016,31.715,,
ESTAT:NRG_IND_REN$DEFAULTVIEW(1.0),19/09/24 23:00:00,Annual,Renewable energy - overall,Percentage,Denmark,2017,34.387,,
ESTAT:NRG_IND_REN$DEFAULTVIEW(1.0),19/09/24 23:00:00,Annual,Renewable energy - overall,Percentage,Denmark,2018,35.159,,
ESTAT:NRG_IND_REN$DEFAULTVIEW(1.0),19/09/24 23:00:00,Annual,Renewable energy - overall,Percentage,Denmark,2019,37.02,,
ESTAT:NRG_IND_REN$DEFAULTVIEW(1.0),19/09/24 23:00:00,Annual,Renewable energy - overall,Percentage,Denmark,2020,31.681,,
ESTAT:NRG_IND_REN$DEFAULTVIEW(1.0),19/09/24 23:00:00,Annual,Renewable energy - overall,Percentage,Denmark,2021,41.813,,
ESTAT:NRG_IND_REN$DEFAULTVIEW(1.0),19/09/24 23:00:00,Annual,Renewable energy - overall,Percentage,Denmark,2022,42.383,,
ESTAT:NRG_IND_REN$DEFAULTVIEW(1.0),19/09/24 23:00:00,Annual,Renewable energy - overall,Percentage,Denmark,2023,44.396,,
ESTAT:NRG_IND_REN$DEFAULTVIEW(1.0),19/09/24 23:00:00,Annual,Renewable energy - overall,Percentage,Euro area – 20 countries (from 2023),2021,20.656,,
ESTAT:NRG_IND_REN$DEFAULTVIEW(1.0),19/09/24 23:00:00,Annual,Renewable energy - overall,Percentage,Euro area – 20 countries (from 2023),2022,21.804,,
ESTAT:NRG_IND_REN$DEFAULTVIEW(1.0),19/09/24 23:00:00,Annual,Renewable energy - overall,Percentage,Euro area – 20 countries (from 2023),2023,23.400,,
ESTAT:NRG_IND_REN$DEFAULTVIEW(1.0),19/09/24 23:00:00,Annual,Renewable energy - overall,Percentage,Estonia,2014,26.13,,
ESTAT:NRG_IND_REN$DEFAULTVIEW(1.0),19/09/24 23:00:00,Annual,Renewable energy - overall,Percentage,Estonia,2015,28.987,,
ESTAT:NRG_IND_REN$DEFAULTVIEW(1.0),19/09/24 23:00:00,Annual,Renewable energy - overall,Percentage,Estonia,2016,29.232,,
ESTAT:NRG_IND_REN$DEFAULTVIEW(1.0),19/09/24 23:00:00,Annual,Renewable energy - overall,Percentage,Estonia,2017,29.538,,
ESTAT:NRG_IND_REN$DEFAULTVIEW(1.0),19/09/24 23:00:00,Annual,Renewable energy - overall,Percentage,Estonia,2018,29.97,,
ESTAT:NRG_IND_REN$DEFAULTVIEW(1.0),19/09/24 23:00:00,Annual,Renewable energy - overall,Percentage,Estonia,2019,31.73,,
ESTAT:NRG_IND_REN$DEFAULTVIEW(1.0),19/09/24 23:00:00,Annual,Renewable energy - overall,Percentage,Estonia,2020,30.069,,
ESTAT:NRG_IND_REN$DEFAULTVIEW(1.0),19/09/24 23:00:00,Annual,Renewable energy - overall,Percentage,Estonia,2021,37.342,,
ESTAT:NRG_IND_REN$DEFAULTVIEW(1.0),19/09/24 23:00:00,Annual,Renewable energy - overall,Percentage,Estonia,2022,38.542,,
ESTAT:NRG_IND_REN$DEFAULTVIEW(1.0),19/09/24 23:00:00,Annual,Renewable energy - overall,Percentage,Estonia,2023,40.950,,
ESTAT:NRG_IND_REN$DEFAULTVIEW(1.0),19/09/24 23:00:00,Annual,Renewable energy - overall,Percentage,Greece,2014,15.683,,
ESTAT:NRG_IND_REN$DEFAULTVIEW(1.0),19/09/24 23:00:00,Annual,Renewable energy - overall,Percentage,Greece,2015,15.69,,
ESTAT:NRG_IND_REN$DEFAULTVIEW(1.0),19/09/24 23:00:00,Annual,Renewable energy - overall,Percentage,Greece,2016,15.39,,
ESTAT:NRG_IND_REN$DEFAULTVIEW(1.0),19/09/24 23:00:00,Annual,Renewable energy - overall,Percentage,Greece,2017,17.3,,
ESTAT:NRG_IND_REN$DEFAULTVIEW(1.0),19/09/24 23:00:00,Annual,Renewable energy - overall,Percentage,Greece,2018,18.001,,
ESTAT:NRG_IND_REN$DEFAULTVIEW(1.0),19/09/24 23:00:00,Annual,Renewable energy - overall,Percentage,Greece,2019,19.633,,
ESTAT:NRG_IND_REN$DEFAULTVIEW(1.0),19/09/24 23:00:00,Annual,Renewable energy - overall,Percentage,Greece,2020,21.749,,
ESTAT:NRG_IND_REN$DEFAULTVIEW(1.0),19/09/24 23:00:00,Annual,Renewable energy - overall,Percentage,Greece,2021,22.001,,
ESTAT:NRG_IND_REN$DEFAULTVIEW(1.0),19/09/24 23:00:00,Annual,Renewable energy - overall,Percentage,Greece,2022,22.671,,
ESTAT:NRG_IND_REN$DEFAULTVIEW(1.0),19/09/24 23:00:00,Annual,Renewable energy - overall,Percentage,Greece,2023,25.269,,
ESTAT:NRG_IND_REN$DEFAULTVIEW(1.0),19/09/24 23:00:00,Annual,Renewable energy - overall,Percentage,Spain,2014,15.879,,
ESTAT:NRG_IND_REN$DEFAULTVIEW(1.0),19/09/24 23:00:00,Annual,Renewable energy - overall,Percentage,Spain,2015,16.221,,
ESTAT:NRG_IND_REN$DEFAULTVIEW(1.0),19/09/24 23:00:00,Annual,Renewable energy - overall,Percentage,Spain,2016,17.015,,
ESTAT:NRG_IND_REN$DEFAULTVIEW(1.0),19/09/24 23:00:00,Annual,Renewable energy - overall,Percentage,Spain,2017,17.118,,
ESTAT:NRG_IND_REN$DEFAULTVIEW(1.0),19/09/24 23:00:00,Annual,Renewable energy - overall,Percentage,Spain,2018,17.023,,
ESTAT:NRG_IND_REN$DEFAULTVIEW(1.0),19/09/24 23:00:00,Annual,Renewable energy - overall,Percentage,Spain,2019,17.852,,
ESTAT:NRG_IND_REN$DEFAULTVIEW(1.0),19/09/24 23:00:00,Annual,Renewable energy - overall,Percentage,Spain,2020,21.22,,
ESTAT:NRG_IND_REN$DEFAULTVIEW(1.0),19/09/24 23:00:00,Annual,Renewable energy - overall,Percentage,Spain,2021,20.55,,
ESTAT:NRG_IND_REN$DEFAULTVIEW(1.0),19/09/24 23:00:00,Annual,Renewable energy - overall,Percentage,Spain,2022,21.896,,
ESTAT:NRG_IND_REN$DEFAULTVIEW(1.0),19/09/24 23:00:00,Annual,Renewable energy - overall,Percentage,Spain,2023,24.852,,
ESTAT:NRG_IND_REN$DEFAULTVIEW(1.0),19/09/24 23:00:00,Annual,Renewable energy - overall,Percentage,European Union - 27 countries (from 2020),2014,17.416,,
ESTAT:NRG_IND_REN$DEFAULTVIEW(1.0),19/09/24 23:00:00,Annual,Renewable energy - overall,Percentage,European Union - 27 countries (from 2020),2015,17.82,,
ESTAT:NRG_IND_REN$DEFAULTVIEW(1.0),19/09/24 23:00:00,Annual,Renewable energy - overall,Percentage,European Union - 27 countries (from 2020),2016,17.978,,
ESTAT:NRG_IND_REN$DEFAULTVIEW(1.0),19/09/24 23:00:00,Annual,Renewable energy - overall,Percentage,European Union - 27 countries (from 2020),2017,18.411,,
ESTAT:NRG_IND_REN$DEFAULTVIEW(1.0),19/09/24 23:00:00,Annual,Renewable energy - overall,Percentage,European Union - 27 countries (from 2020),2018,19.096,,
ESTAT:NRG_IND_REN$DEFAULTVIEW(1.0),19/09/24 23:00:00,Annual,Renewable energy - overall,Percentage,European Union - 27 countries (from 2020),2019,19.887,,
ESTAT:NRG_IND_REN$DEFAULTVIEW(1.0),19/09/24 23:00:00,Annual,Renewable energy - overall,Percentage,European Union - 27 countries (from 2020),2020,22.038,,
ESTAT:NRG_IND_REN$DEFAULTVIEW(1.0),19/09/24 23:00:00,Annual,Renewable energy - overall,Percentage,European Union - 27 countries (from 2020),2021,21.894,,
ESTAT:NRG_IND_REN$DEFAULTVIEW(1.0),19/09/24 23:00:00,Annual,Renewable energy - overall,Percentage,European Union - 27 countries (from 2020),2022,23.058,,
ESTAT:NRG_IND_REN$DEFAULTVIEW(1.0),19/09/24 23:00:00,Annual,Renewable energy - overall,Percentage,European Union - 27 countries (from 2020),2023,24.555,,
ESTAT:NRG_IND_REN$DEFAULTVIEW(1.0),19/09/24 23:00:00,Annual,Renewable energy - overall,Percentage,Finland,2014,38.633,,
ESTAT:NRG_IND_REN$DEFAULTVIEW(1.0),19/09/24 23:00:00,Annual,Renewable energy - overall,Percentage,Finland,2015,39.23,,
ESTAT:NRG_IND_REN$DEFAULTVIEW(1.0),19/09/24 23:00:00,Annual,Renewable energy - overall,Percentage,Finland,2016,38.943,,
ESTAT:NRG_IND_REN$DEFAULTVIEW(1.0),19/09/24 23:00:00,Annual,Renewable energy - overall,Percentage,Finland,2017,40.857,,
ESTAT:NRG_IND_REN$DEFAULTVIEW(1.0),19/09/24 23:00:00,Annual,Renewable energy - overall,Percentage,Finland,2018,41.185,,
ESTAT:NRG_IND_REN$DEFAULTVIEW(1.0),19/09/24 23:00:00,Annual,Renewable energy - overall,Percentage,Finland,2019,42.807,,
ESTAT:NRG_IND_REN$DEFAULTVIEW(1.0),19/09/24 23:00:00,Annual,Renewable energy - overall,Percentage,Finland,2020,43.939,,
ESTAT:NRG_IND_REN$DEFAULTVIEW(1.0),19/09/24 23:00:00,Annual,Renewable energy - overall,Percentage,Finland,2021,42.819,,
ESTAT:NRG_IND_REN$DEFAULTVIEW(1.0),19/09/24 23:00:00,Annual,Renewable energy - overall,Percentage,Finland,2022,47.740,,
ESTAT:NRG_IND_REN$DEFAULTVIEW(1.0),19/09/24 23:00:00,Annual,Renewable energy - overall,Percentage,Finland,2023,50.750,,
ESTAT:NRG_IND_REN$DEFAULTVIEW(1.0),19/09/24 23:00:00,Annual,Renewable energy - overall,Percentage,France,2014,14.362,,
ESTAT:NRG_IND_REN$DEFAULTVIEW(1.0),19/09/24 23:00:00,Annual,Renewable energy - overall,Percentage,France,2015,14.803,,
ESTAT:NRG_IND_REN$DEFAULTVIEW(1.0),19/09/24 23:00:00,Annual,Renewable energy - overall,Percentage,France,2016,15.451,,
ESTAT:NRG_IND_REN$DEFAULTVIEW(1.0),19/09/24 23:00:00,Annual,Renewable energy - overall,Percentage,France,2017,15.847,,
ESTAT:NRG_IND_REN$DEFAULTVIEW(1.0),19/09/24 23:00:00,Annual,Renewable energy - overall,Percentage,France,2018,16.384,,
ESTAT:NRG_IND_REN$DEFAULTVIEW(1.0),19/09/24 23:00:00,Annual,Renewable energy - overall,Percentage,France,2019,17.174,,
ESTAT:NRG_IND_REN$DEFAULTVIEW(1.0),19/09/24 23:00:00,Annual,Renewable energy - overall,Percentage,France,2020,19.109,,
ESTAT:NRG_IND_REN$DEFAULTVIEW(1.0),19/09/24 23:00:00,Annual,Renewable energy - overall,Percentage,France,2021,19.316,,
ESTAT:NRG_IND_REN$DEFAULTVIEW(1.0),19/09/24 23:00:00,Annual,Renewable energy - overall,Percentage,France,2022,20.445,,
ESTAT:NRG_IND_REN$DEFAULTVIEW(1.0),19/09/24 23:00:00,Annual,Renewable energy - overall,Percentage,France,2023,22.283,,
ESTAT:NRG_IND_REN$DEFAULTVIEW(1.0),19/09/24 23:00:00,Annual,Renewable energy - overall,Percentage,Georgia,2021,18.292,,
ESTAT:NRG_IND_REN$DEFAULTVIEW(1.0),19/09/24 23:00:00,Annual,Renewable energy - overall,Percentage,Georgia,2022,18.141,,
ESTAT:NRG_IND_REN$DEFAULTVIEW(1.0),19/09/24 23:00:00,Annual,Renewable energy - overall,Percentage,Georgia,2023,19.850,,
ESTAT:NRG_IND_REN$DEFAULTVIEW(1.0),19/09/24 23:00:00,Annual,Renewable energy - overall,Percentage,Croatia,2014,27.817,,
ESTAT:NRG_IND_REN$DEFAULTVIEW(1.0),19/09/24 23:00:00,Annual,Renewable energy - overall,Percentage,Croatia,2015,28.969,,
ESTAT:NRG_IND_REN$DEFAULTVIEW(1.0),19/09/24 23:00:00,Annual,Renewable energy - overall,Percentage,Croatia,2016,28.266,,
ESTAT:NRG_IND_REN$DEFAULTVIEW(1.0),19/09/24 23:00:00,Annual,Renewable energy - overall,Percentage,Croatia,2017,27.28,,
ESTAT:NRG_IND_REN$DEFAULTVIEW(1.0),19/09/24 23:00:00,Annual,Renewable energy - overall,Percentage,Croatia,2018,28.047,,
ESTAT:NRG_IND_REN$DEFAULTVIEW(1.0),19/09/24 23:00:00,Annual,Renewable energy - overall,Percentage,Croatia,2019,28.466,,
ESTAT:NRG_IND_REN$DEFAULTVIEW(1.0),19/09/24 23:00:00,Annual,Renewable energy - overall,Percentage,Croatia,2020,31.023,,
ESTAT:NRG_IND_REN$DEFAULTVIEW(1.0),19/09/24 23:00:00,Annual,Renewable energy - overall,Percentage,Croatia,2021,31.285,,
ESTAT:NRG_IND_REN$DEFAULTVIEW(1.0),19/09/24 23:00:00,Annual,Renewable energy - overall,Percentage,Croatia,2022,28.088,,
ESTAT:NRG_IND_REN$DEFAULTVIEW(1.0),19/09/24 23:00:00,Annual,Renewable energy - overall,Percentage,Croatia,2023,28.051,,
ESTAT:NRG_IND_REN$DEFAULTVIEW(1.0),19/09/24 23:00:00,Annual,Renewable energy - overall,Percentage,Hungary,2014,14.618,,
ESTAT:NRG_IND_REN$DEFAULTVIEW(1.0),19/09/24 23:00:00,Annual,Renewable energy - overall,Percentage,Hungary,2015,14.495,,
ESTAT:NRG_IND_REN$DEFAULTVIEW(1.0),19/09/24 23:00:00,Annual,Renewable energy - overall,Percentage,Hungary,2016,14.377,,
ESTAT:NRG_IND_REN$DEFAULTVIEW(1.0),19/09/24 23:00:00,Annual,Renewable energy - overall,Percentage,Hungary,2017,13.556,,
ESTAT:NRG_IND_REN$DEFAULTVIEW(1.0),19/09/24 23:00:00,Annual,Renewable energy - overall,Percentage,Hungary,2018,12.548,,
ESTAT:NRG_IND_REN$DEFAULTVIEW(1.0),19/09/24 23:00:00,Annual,Renewable energy - overall,Percentage,Hungary,2019,12.634,,
ESTAT:NRG_IND_REN$DEFAULTVIEW(1.0),19/09/24 23:00:00,Annual,Renewable energy - overall,Percentage,Hungary,2020,13.85,,
ESTAT:NRG_IND_REN$DEFAULTVIEW(1.0),19/09/24 23:00:00,Annual,Renewable energy - overall,Percentage,Hungary,2021,14.134,,
ESTAT:NRG_IND_REN$DEFAULTVIEW(1.0),19/09/24 23:00:00,Annual,Renewable energy - overall,Percentage,Hungary,2022,15.128,,
ESTAT:NRG_IND_REN$DEFAULTVIEW(1.0),19/09/24 23:00:00,Annual,Renewable energy - overall,Percentage,Hungary,2023,17.117,,
ESTAT:NRG_IND_REN$DEFAULTVIEW(1.0),19/09/24 23:00:00,Annual,Renewable energy - overall,Percentage,Ireland,2014,8.516,,
ESTAT:NRG_IND_REN$DEFAULTVIEW(1.0),19/09/24 23:00:00,Annual,Renewable energy - overall,Percentage,Ireland,2015,9.083,,
ESTAT:NRG_IND_REN$DEFAULTVIEW(1.0),19/09/24 23:00:00,Annual,Renewable energy - overall,Percentage,Ireland,2016,9.189,,
ESTAT:NRG_IND_REN$DEFAULTVIEW(1.0),19/09/24 23:00:00,Annual,Renewable energy - overall,Percentage,Ireland,2017,10.52,,
ESTAT:NRG_IND_REN$DEFAULTVIEW(1.0),19/09/24 23:00:00,Annual,Renewable energy - overall,Percentage,Ireland,2018,10.942,,
ESTAT:NRG_IND_REN$DEFAULTVIEW(1.0),19/09/24 23:00:00,Annual,Renewable energy - overall,Percentage,Ireland,2019,11.979,,
ESTAT:NRG_IND_REN$DEFAULTVIEW(1.0),19/09/24 23:00:00,Annual,Renewable energy - overall,Percentage,Ireland,2020,16.16,,
ESTAT:NRG_IND_REN$DEFAULTVIEW(1.0),19/09/24 23:00:00,Annual,Renewable energy - overall,Percentage,Ireland,2021,12.996,,
ESTAT:NRG_IND_REN$DEFAULTVIEW(1.0),19/09/24 23:00:00,Annual,Renewable energy - overall,Percentage,Ireland,2022,13.068,,
ESTAT:NRG_IND_REN$DEFAULTVIEW(1.0),19/09/24 23:00:00,Annual,Renewable energy - overall,Percentage,Ireland,2023,15.253,,
ESTAT:NRG_IND_REN$DEFAULTVIEW(1.0),19/09/24 23:00:00,Annual,Renewable energy - overall,Percentage,Iceland,2014,73.043,,
ESTAT:NRG_IND_REN$DEFAULTVIEW(1.0),19/09/24 23:00:00,Annual,Renewable energy - overall,Percentage,Iceland,2015,71.949,,
ESTAT:NRG_IND_REN$DEFAULTVIEW(1.0),19/09/24 23:00:00,Annual,Renewable energy - overall,Percentage,Iceland,2016,75.329,,
ESTAT:NRG_IND_REN$DEFAULTVIEW(1.0),19/09/24 23:00:00,Annual,Renewable energy - overall,Percentage,Iceland,2017,74.104,,
ESTAT:NRG_IND_REN$DEFAULTVIEW(1.0),19/09/24 23:00:00,Annual,Renewable energy - overall,Percentage,Iceland,2018,77.173,,
ESTAT:NRG_IND_REN$DEFAULTVIEW(1.0),19/09/24 23:00:00,Annual,Renewable energy - overall,Percentage,Iceland,2019,78.612,,
ESTAT:NRG_IND_REN$DEFAULTVIEW(1.0),19/09/24 23:00:00,Annual,Renewable energy - overall,Percentage,Iceland,2020,83.725,,
ESTAT:NRG_IND_REN$DEFAULTVIEW(1.0),19/09/24 23:00:00,Annual,Renewable energy - overall,Percentage,Iceland,2021,79.618,,
ESTAT:NRG_IND_REN$DEFAULTVIEW(1.0),19/09/24 23:00:00,Annual,Renewable energy - overall,Percentage,Iceland,2022,78.602,,
ESTAT:NRG_IND_REN$DEFAULTVIEW(1.0),19/09/24 23:00:00,Annual,Renewable energy - overall,Percentage,Iceland,2023,80.856,,
ESTAT:NRG_IND_REN$DEFAULTVIEW(1.0),19/09/24 23:00:00,Annual,Renewable energy - overall,Percentage,Italy,2014,17.082,,
ESTAT:NRG_IND_REN$DEFAULTVIEW(1.0),19/09/24 23:00:00,Annual,Renewable energy - overall,Percentage,Italy,2015,17.525,,
ESTAT:NRG_IND_REN$DEFAULTVIEW(1.0),19/09/24 23:00:00,Annual,Renewable energy - overall,Percentage,Italy,2016,17.415,,
ESTAT:NRG_IND_REN$DEFAULTVIEW(1.0),19/09/24 23:00:00,Annual,Renewable energy - overall,Percentage,Italy,2017,18.267,,
ESTAT:NRG_IND_REN$DEFAULTVIEW(1.0),19/09/24 23:00:00,Annual,Renewable energy - overall,Percentage,Italy,2018,17.796,,
ESTAT:NRG_IND_REN$DEFAULTVIEW(1.0),19/09/24 23:00:00,Annual,Renewable energy - overall,Percentage,Italy,2019,18.181,,
ESTAT:NRG_IND_REN$DEFAULTVIEW(1.0),19/09/24 23:00:00,Annual,Renewable energy - overall,Percentage,Italy,2020,20.359,,
ESTAT:NRG_IND_REN$DEFAULTVIEW(1.0),19/09/24 23:00:00,Annual,Renewable energy - overall,Percentage,Italy,2021,18.883,,
ESTAT:NRG_IND_REN$DEFAULTVIEW(1.0),19/09/24 23:00:00,Annual,Renewable energy - overall,Percentage,Italy,2022,19.131,,
ESTAT:NRG_IND_REN$DEFAULTVIEW(1.0),19/09/24 23:00:00,Annual,Renewable energy - overall,Percentage,Italy,2023,19.594,,
ESTAT:NRG_IND_REN$DEFAULTVIEW(1.0),19/09/24 23:00:00,Annual,Renewable energy - overall,Percentage,Lithuania,2014,23.592,,
ESTAT:NRG_IND_REN$DEFAULTVIEW(1.0),19/09/24 23:00:00,Annual,Renewable energy - overall,Percentage,Lithuania,2015,25.748,,
ESTAT:NRG_IND_REN$DEFAULTVIEW(1.0),19/09/24 23:00:00,Annual,Renewable energy - overall,Percentage,Lithuania,2016,25.612,,
ESTAT:NRG_IND_REN$DEFAULTVIEW(1.0),19/09/24 23:00:00,Annual,Renewable energy - overall,Percentage,Lithuania,2017,26.038,,
ESTAT:NRG_IND_REN$DEFAULTVIEW(1.0),19/09/24 23:00:00,Annual,Renewable energy - overall,Percentage,Lithuania,2018,24.695,,
ESTAT:NRG_IND_REN$DEFAULTVIEW(1.0),19/09/24 23:00:00,Annual,Renewable energy - overall,Percentage,Lithuania,2019,25.474,,
ESTAT:NRG_IND_REN$DEFAULTVIEW(1.0),19/09/24 23:00:00,Annual,Renewable energy - overall,Percentage,Lithuania,2020,26.773,,
ESTAT:NRG_IND_REN$DEFAULTVIEW(1.0),19/09/24 23:00:00,Annual,Renewable energy - overall,Percentage,Lithuania,2021,28.166,,
ESTAT:NRG_IND_REN$DEFAULTVIEW(1.0),19/09/24 23:00:00,Annual,Renewable energy - overall,Percentage,Lithuania,2022,29.599,,
ESTAT:NRG_IND_REN$DEFAULTVIEW(1.0),19/09/24 23:00:00,Annual,Renewable energy - overall,Percentage,Lithuania,2023,31.926,,
ESTAT:NRG_IND_REN$DEFAULTVIEW(1.0),19/09/24 23:00:00,Annual,Renewable energy - overall,Percentage,Luxembourg,2014,4.471,,
ESTAT:NRG_IND_REN$DEFAULTVIEW(1.0),19/09/24 23:00:00,Annual,Renewable energy - overall,Percentage,Luxembourg,2015,4.987,,
ESTAT:NRG_IND_REN$DEFAULTVIEW(1.0),19/09/24 23:00:00,Annual,Renewable energy - overall,Percentage,Luxembourg,2016,5.364,,
ESTAT:NRG_IND_REN$DEFAULTVIEW(1.0),19/09/24 23:00:00,Annual,Renewable energy - overall,Percentage,Luxembourg,2017,6.194,,
ESTAT:NRG_IND_REN$DEFAULTVIEW(1.0),19/09/24 23:00:00,Annual,Renewable energy - overall,Percentage,Luxembourg,2018,8.942,,
ESTAT:NRG_IND_REN$DEFAULTVIEW(1.0),19/09/24 23:00:00,Annual,Renewable energy - overall,Percentage,Luxembourg,2019,7.046,,
ESTAT:NRG_IND_REN$DEFAULTVIEW(1.0),19/09/24 23:00:00,Annual,Renewable energy - overall,Percentage,Luxembourg,2020,11.699,,
ESTAT:NRG_IND_REN$DEFAULTVIEW(1.0),19/09/24 23:00:00,Annual,Renewable energy - overall,Percentage,Luxembourg,2021,11.726,,
ESTAT:NRG_IND_REN$DEFAULTVIEW(1.0),19/09/24 23:00:00,Annual,Renewable energy - overall,Percentage,Luxembourg,2022,14.262,,
ESTAT:NRG_IND_REN$DEFAULTVIEW(1.0),19/09/24 23:00:00,Annual,Renewable energy - overall,Percentage,Luxembourg,2023,14.355,,
ESTAT:NRG_IND_REN$DEFAULTVIEW(1.0),19/09/24 23:00:00,Annual,Renewable energy - overall,Percentage,Latvia,2014,38.629,,
ESTAT:NRG_IND_REN$DEFAULTVIEW(1.0),19/09/24 23:00:00,Annual,Renewable energy - overall,Percentage,Latvia,2015,37.538,,
ESTAT:NRG_IND_REN$DEFAULTVIEW(1.0),19/09/24 23:00:00,Annual,Renewable energy - overall,Percentage,Latvia,2016,37.138,,
ESTAT:NRG_IND_REN$DEFAULTVIEW(1.0),19/09/24 23:00:00,Annual,Renewable energy - overall,Percentage,Latvia,2017,39.008,,
ESTAT:NRG_IND_REN$DEFAULTVIEW(1.0),19/09/24 23:00:00,Annual,Renewable energy - overall,Percentage,Latvia,2018,40.019,,
ESTAT:NRG_IND_REN$DEFAULTVIEW(1.0),19/09/24 23:00:00,Annual,Renewable energy - overall,Percentage,Latvia,2019,40.929,,
ESTAT:NRG_IND_REN$DEFAULTVIEW(1.0),19/09/24 23:00:00,Annual,Renewable energy - overall,Percentage,Latvia,2020,42.132,,
ESTAT:NRG_IND_REN$DEFAULTVIEW(1.0),19/09/24 23:00:00,Annual,Renewable energy - overall,Percentage,Latvia,2021,42.096,,
ESTAT:NRG_IND_REN$DEFAULTVIEW(1.0),19/09/24 23:00:00,Annual,Renewable energy - overall,Percentage,Latvia,2022,43.720,,
ESTAT:NRG_IND_REN$DEFAULTVIEW(1.0),19/09/24 23:00:00,Annual,Renewable energy - overall,Percentage,Latvia,2023,43.223,,
ESTAT:NRG_IND_REN$DEFAULTVIEW(1.0),19/09/24 23:00:00,Annual,Renewable energy - overall,Percentage,Moldova,2014,26.169,,
ESTAT:NRG_IND_REN$DEFAULTVIEW(1.0),19/09/24 23:00:00,Annual,Renewable energy - overall,Percentage,Moldova,2015,26.173,,
ESTAT:NRG_IND_REN$DEFAULTVIEW(1.0),19/09/24 23:00:00,Annual,Renewable energy - overall,Percentage,Moldova,2016,26.888,,
ESTAT:NRG_IND_REN$DEFAULTVIEW(1.0),19/09/24 23:00:00,Annual,Renewable energy - overall,Percentage,Moldova,2017,27.836,,
ESTAT:NRG_IND_REN$DEFAULTVIEW(1.0),19/09/24 23:00:00,Annual,Renewable energy - overall,Percentage,Moldova,2018,27.476,,
ESTAT:NRG_IND_REN$DEFAULTVIEW(1.0),19/09/24 23:00:00,Annual,Renewable energy - overall,Percentage,Moldova,2019,23.843,,
ESTAT:NRG_IND_REN$DEFAULTVIEW(1.0),19/09/24 23:00:00,Annual,Renewable energy - overall,Percentage,Moldova,2020,25.057,,
ESTAT:NRG_IND_REN$DEFAULTVIEW(1.0),19/09/24 23:00:00,Annual,Renewable energy - overall,Percentage,Moldova,2021,22.203,,
ESTAT:NRG_IND_REN$DEFAULTVIEW(1.0),19/09/24 23:00:00,Annual,Renewable energy - overall,Percentage,Moldova,2022,21.538,,
ESTAT:NRG_IND_REN$DEFAULTVIEW(1.0),19/09/24 23:00:00,Annual,Renewable energy - overall,Percentage,Moldova,2023,22.995,,
ESTAT:NRG_IND_REN$DEFAULTVIEW(1.0),19/09/24 23:00:00,Annual,Renewable energy - overall,Percentage,Montenegro,2014,44.098,,
ESTAT:NRG_IND_REN$DEFAULTVIEW(1.0),19/09/24 23:00:00,Annual,Renewable energy - overall,Percentage,Montenegro,2015,43.073,,
ESTAT:NRG_IND_REN$DEFAULTVIEW(1.0),19/09/24 23:00:00,Annual,Renewable energy - overall,Percentage,Montenegro,2016,41.529,,
ESTAT:NRG_IND_REN$DEFAULTVIEW(1.0),19/09/24 23:00:00,Annual,Renewable energy - overall,Percentage,Montenegro,2017,39.693,,
ESTAT:NRG_IND_REN$DEFAULTVIEW(1.0),19/09/24 23:00:00,Annual,Renewable energy - overall,Percentage,Montenegro,2018,38.801,,
ESTAT:NRG_IND_REN$DEFAULTVIEW(1.0),19/09/24 23:00:00,Annual,Renewable energy - overall,Percentage,Montenegro,2019,37.722,,
ESTAT:NRG_IND_REN$DEFAULTVIEW(1.0),19/09/24 23:00:00,Annual,Renewable energy - overall,Percentage,Montenegro,2020,43.77,,
ESTAT:NRG_IND_REN$DEFAULTVIEW(1.0),19/09/24 23:00:00,Annual,Renewable energy - overall,Percentage,Montenegro,2021,39.891,,
ESTAT:NRG_IND_REN$DEFAULTVIEW(1.0),19/09/24 23:00:00,Annual,Renewable energy - overall,Percentage,Montenegro,2022,41.064,,
ESTAT:NRG_IND_REN$DEFAULTVIEW(1.0),19/09/24 23:00:00,Annual,Renewable energy - overall,Percentage,Montenegro,2023,40.883,,
ESTAT:NRG_IND_REN$DEFAULTVIEW(1.0),19/09/24 23:00:00,Annual,Renewable energy - overall,Percentage,North Macedonia,2014,19.559,,
ESTAT:NRG_IND_REN$DEFAULTVIEW(1.0),19/09/24 23:00:00,Annual,Renewable energy - overall,Percentage,North Macedonia,2015,19.526,,
ESTAT:NRG_IND_REN$DEFAULTVIEW(1.0),19/09/24 23:00:00,Annual,Renewable energy - overall,Percentage,North Macedonia,2016,18.044,,
ESTAT:NRG_IND_REN$DEFAULTVIEW(1.0),19/09/24 23:00:00,Annual,Renewable energy - overall,Percentage,North Macedonia,2017,19.636,,
ESTAT:NRG_IND_REN$DEFAULTVIEW(1.0),19/09/24 23:00:00,Annual,Renewable energy - overall,Percentage,North Macedonia,2018,18.179,,
ESTAT:NRG_IND_REN$DEFAULTVIEW(1.0),19/09/24 23:00:00,Annual,Renewable energy - overall,Percentage,North Macedonia,2019,17.485,,
ESTAT:NRG_IND_REN$DEFAULTVIEW(1.0),19/09/24 23:00:00,Annual,Renewable energy - overall,Percentage,North Macedonia,2020,19.222,,
ESTAT:NRG_IND_REN$DEFAULTVIEW(1.0),19/09/24 23:00:00,Annual,Renewable energy - overall,Percentage,North Macedonia,2021,17.800,,
ESTAT:NRG_IND_REN$DEFAULTVIEW(1.0),19/09/24 23:00:00,Annual,Renewable energy - overall,Percentage,North Macedonia,2022,19.213,,
ESTAT:NRG_IND_REN$DEFAULTVIEW(1.0),19/09/24 23:00:00,Annual,Renewable energy - overall,Percentage,North Macedonia,2023,20.214,,
ESTAT:NRG_IND_REN$DEFAULTVIEW(1.0),19/09/24 23:00:00,Annual,Renewable energy - overall,Percentage,Malta,2014,4.744,,
ESTAT:NRG_IND_REN$DEFAULTVIEW(1.0),19/09/24 23:00:00,Annual,Renewable energy - overall,Percentage,Malta,2015,5.119,,
ESTAT:NRG_IND_REN$DEFAULTVIEW(1.0),19/09/24 23:00:00,Annual,Renewable energy - overall,Percentage,Malta,2016,6.208,,
ESTAT:NRG_IND_REN$DEFAULTVIEW(1.0),19/09/24 23:00:00,Annual,Renewable energy - overall,Percentage,Malta,2017,7.219,,
ESTAT:NRG_IND_REN$DEFAULTVIEW(1.0),19/09/24 23:00:00,Annual,Renewable energy - overall,Percentage,Malta,2018,7.914,,
ESTAT:NRG_IND_REN$DEFAULTVIEW(1.0),19/09/24 23:00:00,Annual,Renewable energy - overall,Percentage,Malta,2019,8.23,,
ESTAT:NRG_IND_REN$DEFAULTVIEW(1.0),19/09/24 23:00:00,Annual,Renewable energy - overall,Percentage,Malta,2020,10.714,,
ESTAT:NRG_IND_REN$DEFAULTVIEW(1.0),19/09/24 23:00:00,Annual,Renewable energy - overall,Percentage,Malta,2021,12.631,,
ESTAT:NRG_IND_REN$DEFAULTVIEW(1.0),19/09/24 23:00:00,Annual,Renewable energy - overall,Percentage,Malta,2022,13.969,,
ESTAT:NRG_IND_REN$DEFAULTVIEW(1.0),19/09/24 23:00:00,Annual,Renewable energy - overall,Percentage,Malta,2023,15.077,,
ESTAT:NRG_IND_REN$DEFAULTVIEW(1.0),19/09/24 23:00:00,Annual,Renewable energy - overall,Percentage,Netherlands,2014,5.415,,
ESTAT:NRG_IND_REN$DEFAULTVIEW(1.0),19/09/24 23:00:00,Annual,Renewable energy - overall,Percentage,Netherlands,2015,5.714,,
ESTAT:NRG_IND_REN$DEFAULTVIEW(1.0),19/09/24 23:00:00,Annual,Renewable energy - overall,Percentage,Netherlands,2016,5.846,,
ESTAT:NRG_IND_REN$DEFAULTVIEW(1.0),19/09/24 23:00:00,Annual,Renewable energy - overall,Percentage,Netherlands,2017,6.507,,
ESTAT:NRG_IND_REN$DEFAULTVIEW(1.0),19/09/24 23:00:00,Annual,Renewable energy - overall,Percentage,Netherlands,2018,7.394,,
ESTAT:NRG_IND_REN$DEFAULTVIEW(1.0),19/09/24 23:00:00,Annual,Renewable energy - overall,Percentage,Netherlands,2019,8.886,,
ESTAT:NRG_IND_REN$DEFAULTVIEW(1.0),19/09/24 23:00:00,Annual,Renewable energy - overall,Percentage,Netherlands,2020,13.999,,
ESTAT:NRG_IND_REN$DEFAULTVIEW(1.0),19/09/24 23:00:00,Annual,Renewable energy - overall,Percentage,Netherlands,2021,13.116,,
ESTAT:NRG_IND_REN$DEFAULTVIEW(1.0),19/09/24 23:00:00,Annual,Renewable energy - overall,Percentage,Netherlands,2022,15.134,,
ESTAT:NRG_IND_REN$DEFAULTVIEW(1.0),19/09/24 23:00:00,Annual,Renewable energy - overall,Percentage,Netherlands,2023,17.420,,
ESTAT:NRG_IND_REN$DEFAULTVIEW(1.0),19/09/24 23:00:00,Annual,Renewable energy - overall,Percentage,Norway,2014,68.406,,
ESTAT:NRG_IND_REN$DEFAULTVIEW(1.0),19/09/24 23:00:00,Annual,Renewable energy - overall,Percentage,Norway,2015,68.545,,
ESTAT:NRG_IND_REN$DEFAULTVIEW(1.0),19/09/24 23:00:00,Annual,Renewable energy - overall,Percentage,Norway,2016,69.235,,
ESTAT:NRG_IND_REN$DEFAULTVIEW(1.0),19/09/24 23:00:00,Annual,Renewable energy - overall,Percentage,Norway,2017,70.036,,
ESTAT:NRG_IND_REN$DEFAULTVIEW(1.0),19/09/24 23:00:00,Annual,Renewable energy - overall,Percentage,Norway,2018,71.566,,
ESTAT:NRG_IND_REN$DEFAULTVIEW(1.0),19/09/24 23:00:00,Annual,Renewable energy - overall,Percentage,Norway,2019,74.406,,
ESTAT:NRG_IND_REN$DEFAULTVIEW(1.0),19/09/24 23:00:00,Annual,Renewable energy - overall,Percentage,Norway,2020,77.358,,
ESTAT:NRG_IND_REN$DEFAULTVIEW(1.0),19/09/24 23:00:00,Annual,Renewable energy - overall,Percentage,Norway,2021,74.026,,
ESTAT:NRG_IND_REN$DEFAULTVIEW(1.0),19/09/24 23:00:00,Annual,Renewable energy - overall,Percentage,Norway,2022,75.875,,
ESTAT:NRG_IND_REN$DEFAULTVIEW(1.0),19/09/24 23:00:00,Annual,Renewable energy - overall,Percentage,Norway,2023,75.613,,
ESTAT:NRG_IND_REN$DEFAULTVIEW(1.0),19/09/24 23:00:00,Annual,Renewable energy - overall,Percentage,Poland,2014,11.605,,
ESTAT:NRG_IND_REN$DEFAULTVIEW(1.0),19/09/24 23:00:00,Annual,Renewable energy - overall,Percentage,Poland,2015,11.881,,
ESTAT:NRG_IND_REN$DEFAULTVIEW(1.0),19/09/24 23:00:00,Annual,Renewable energy - overall,Percentage,Poland,2016,11.396,,
ESTAT:NRG_IND_REN$DEFAULTVIEW(1.0),19/09/24 23:00:00,Annual,Renewable energy - overall,Percentage,Poland,2017,11.059,,
ESTAT:NRG_IND_REN$DEFAULTVIEW(1.0),19/09/24 23:00:00,Annual,Renewable energy - overall,Percentage,Poland,2018,14.936,,
ESTAT:NRG_IND_REN$DEFAULTVIEW(1.0),19/09/24 23:00:00,Annual,Renewable energy - overall,Percentage,Poland,2019,15.377,,
ESTAT:NRG_IND_REN$DEFAULTVIEW(1.0),19/09/24 23:00:00,Annual,Renewable energy - overall,Percentage,Poland,2020,16.102,,
ESTAT:NRG_IND_REN$DEFAULTVIEW(1.0),19/09/24 23:00:00,Annual,Renewable energy - overall,Percentage,Poland,2021,15.604,,
ESTAT:NRG_IND_REN$DEFAULTVIEW(1.0),19/09/24 23:00:00,Annual,Renewable energy - overall,Percentage,Poland,2022,16.629,,
ESTAT:NRG_IND_REN$DEFAULTVIEW(1.0),19/09/24 23:00:00,Annual,Renewable energy - overall,Percentage,Poland,2023,16.564,,
ESTAT:NRG_IND_REN$DEFAULTVIEW(1.0),19/09/24 23:00:00,Annual,Renewable energy - overall,Percentage,Portugal,2014,29.508,,
ESTAT:NRG_IND_REN$DEFAULTVIEW(1.0),19/09/24 23:00:00,Annual,Renewable energy - overall,Percentage,Portugal,2015,30.514,,
ESTAT:NRG_IND_REN$DEFAULTVIEW(1.0),19/09/24 23:00:00,Annual,Renewable energy - overall,Percentage,Portugal,2016,30.864,,
ESTAT:NRG_IND_REN$DEFAULTVIEW(1.0),19/09/24 23:00:00,Annual,Renewable energy - overall,Percentage,Portugal,2017,30.611,,
ESTAT:NRG_IND_REN$DEFAULTVIEW(1.0),19/09/24 23:00:00,Annual,Renewable energy - overall,Percentage,Portugal,2018,30.203,,
ESTAT:NRG_IND_REN$DEFAULTVIEW(1.0),19/09/24 23:00:00,Annual,Renewable energy - overall,Percentage,Portugal,2019,30.623,,
ESTAT:NRG_IND_REN$DEFAULTVIEW(1.0),19/09/24 23:00:00,Annual,Renewable energy - overall,Percentage,Portugal,2020,33.982,,
ESTAT:NRG_IND_REN$DEFAULTVIEW(1.0),19/09/24 23:00:00,Annual,Renewable energy - overall,Percentage,Portugal,2021,33.982,,
ESTAT:NRG_IND_REN$DEFAULTVIEW(1.0),19/09/24 23:00:00,Annual,Renewable energy - overall,Percentage,Portugal,2022,34.675,,
ESTAT:NRG_IND_REN$DEFAULTVIEW(1.0),19/09/24 23:00:00,Annual,Renewable energy - overall,Percentage,Portugal,2023,35.163,,
ESTAT:NRG_IND_REN$DEFAULTVIEW(1.0),19/09/24 23:00:00,Annual,Renewable energy - overall,Percentage,Romania,2014,24.845,,
ESTAT:NRG_IND_REN$DEFAULTVIEW(1.0),19/09/24 23:00:00,Annual,Renewable energy - overall,Percentage,Romania,2015,24.785,,
ESTAT:NRG_IND_REN$DEFAULTVIEW(1.0),19/09/24 23:00:00,Annual,Renewable energy - overall,Percentage,Romania,2016,25.032,,
ESTAT:NRG_IND_REN$DEFAULTVIEW(1.0),19/09/24 23:00:00,Annual,Renewable energy - overall,Percentage,Romania,2017,24.454,,
ESTAT:NRG_IND_REN$DEFAULTVIEW(1.0),19/09/24 23:00:00,Annual,Renewable energy - overall,Percentage,Romania,2018,23.875,,
ESTAT:NRG_IND_REN$DEFAULTVIEW(1.0),19/09/24 23:00:00,Annual,Renewable energy - overall,Percentage,Romania,2019,24.29,,
ESTAT:NRG_IND_REN$DEFAULTVIEW(1.0),19/09/24 23:00:00,Annual,Renewable energy - overall,Percentage,Romania,2020,24.478,,
ESTAT:NRG_IND_REN$DEFAULTVIEW(1.0),19/09/24 23:00:00,Annual,Renewable energy - overall,Percentage,Romania,2021,23.871,,
ESTAT:NRG_IND_REN$DEFAULTVIEW(1.0),19/09/24 23:00:00,Annual,Renewable energy - overall,Percentage,Romania,2022,24.229,,
ESTAT:NRG_IND_REN$DEFAULTVIEW(1.0),19/09/24 23:00:00,Annual,Renewable energy - overall,Percentage,Romania,2023,25.782,,
ESTAT:NRG_IND_REN$DEFAULTVIEW(1.0),19/09/24 23:00:00,Annual,Renewable energy - overall,Percentage,Serbia,2014,22.864,,
ESTAT:NRG_IND_REN$DEFAULTVIEW(1.0),19/09/24 23:00:00,Annual,Renewable energy - overall,Percentage,Serbia,2015,21.989,,
ESTAT:NRG_IND_REN$DEFAULTVIEW(1.0),19/09/24 23:00:00,Annual,Renewable energy - overall,Percentage,Serbia,2016,21.147,,
ESTAT:NRG_IND_REN$DEFAULTVIEW(1.0),19/09/24 23:00:00,Annual,Renewable energy - overall,Percentage,Serbia,2017,20.287,,
ESTAT:NRG_IND_REN$DEFAULTVIEW(1.0),19/09/24 23:00:00,Annual,Renewable energy - overall,Percentage,Serbia,2018,20.32,,
ESTAT:NRG_IND_REN$DEFAULTVIEW(1.0),19/09/24 23:00:00,Annual,Renewable energy - overall,Percentage,Serbia,2019,21.443,,
ESTAT:NRG_IND_REN$DEFAULTVIEW(1.0),19/09/24 23:00:00,Annual,Renewable energy - overall,Percentage,Serbia,2020,26.297,,
ESTAT:NRG_IND_REN$DEFAULTVIEW(1.0),19/09/24 23:00:00,Annual,Renewable energy - overall,Percentage,Serbia,2021,25.255,,
ESTAT:NRG_IND_REN$DEFAULTVIEW(1.0),19/09/24 23:00:00,Annual,Renewable energy - overall,Percentage,Serbia,2022,24.670,,
ESTAT:NRG_IND_REN$DEFAULTVIEW(1.0),19/09/24 23:00:00,Annual,Renewable energy - overall,Percentage,Serbia,2023,25.428,,
ESTAT:NRG_IND_REN$DEFAULTVIEW(1.0),19/09/24 23:00:00,Annual,Renewable energy - overall,Percentage,Sweden,2014,51.151,,
ESTAT:NRG_IND_REN$DEFAULTVIEW(1.0),19/09/24 23:00:00,Annual,Renewable energy - overall,Percentage,Sweden,2015,52.22,,
ESTAT:NRG_IND_REN$DEFAULTVIEW(1.0),19/09/24 23:00:00,Annual,Renewable energy - overall,Percentage,Sweden,2016,52.597,,
ESTAT:NRG_IND_REN$DEFAULTVIEW(1.0),19/09/24 23:00:00,Annual,Renewable energy - overall,Percentage,Sweden,2017,53.39,,
ESTAT:NRG_IND_REN$DEFAULTVIEW(1.0),19/09/24 23:00:00,Annual,Renewable energy - overall,Percentage,Sweden,2018,53.916,,
ESTAT:NRG_IND_REN$DEFAULTVIEW(1.0),19/09/24 23:00:00,Annual,Renewable energy - overall,Percentage,Sweden,2019,55.785,,
ESTAT:NRG_IND_REN$DEFAULTVIEW(1.0),19/09/24 23:00:00,Annual,Renewable energy - overall,Percentage,Sweden,2020,60.124,,
ESTAT:NRG_IND_REN$DEFAULTVIEW(1.0),19/09/24 23:00:00,Annual,Renewable energy - overall,Percentage,Sweden,2021,62.527,,
ESTAT:NRG_IND_REN$DEFAULTVIEW(1.0),19/09/24 23:00:00,Annual,Renewable energy - overall,Percentage,Sweden,2022,66.287,,
ESTAT:NRG_IND_REN$DEFAULTVIEW(1.0),19/09/24 23:00:00,Annual,Renewable energy - overall,Percentage,Sweden,2023,66.393,,
ESTAT:NRG_IND_REN$DEFAULTVIEW(1.0),19/09/24 23:00:00,Annual,Renewable energy - overall,Percentage,Slovenia,2014,22.459,,
ESTAT:NRG_IND_REN$DEFAULTVIEW(1.0),19/09/24 23:00:00,Annual,Renewable energy - overall,Percentage,Slovenia,2015,22.879,,
ESTAT:NRG_IND_REN$DEFAULTVIEW(1.0),19/09/24 23:00:00,Annual,Renewable energy - overall,Percentage,Slovenia,2016,21.975,,
ESTAT:NRG_IND_REN$DEFAULTVIEW(1.0),19/09/24 23:00:00,Annual,Renewable energy - overall,Percentage,Slovenia,2017,21.658,,
ESTAT:NRG_IND_REN$DEFAULTVIEW(1.0),19/09/24 23:00:00,Annual,Renewable energy - overall,Percentage,Slovenia,2018,21.378,,
ESTAT:NRG_IND_REN$DEFAULTVIEW(1.0),19/09/24 23:00:00,Annual,Renewable energy - overall,Percentage,Slovenia,2019,21.968,,
ESTAT:NRG_IND_REN$DEFAULTVIEW(1.0),19/09/24 23:00:00,Annual,Renewable energy - overall,Percentage,Slovenia,2020,25,,
ESTAT:NRG_IND_REN$DEFAULTVIEW(1.0),19/09/24 23:00:00,Annual,Renewable energy - overall,Percentage,Slovenia,2021,25.000,,
ESTAT:NRG_IND_REN$DEFAULTVIEW(1.0),19/09/24 23:00:00,Annual,Renewable energy - overall,Percentage,Slovenia,2022,25.002,,
ESTAT:NRG_IND_REN$DEFAULTVIEW(1.0),19/09/24 23:00:00,Annual,Renewable energy - overall,Percentage,Slovenia,2023,25.066,,
ESTAT:NRG_IND_REN$DEFAULTVIEW(1.0),19/09/24 23:00:00,Annual,Renewable energy - overall,Percentage,Slovakia,2014,11.713,,
ESTAT:NRG_IND_REN$DEFAULTVIEW(1.0),19/09/24 23:00:00,Annual,Renewable energy - overall,Percentage,Slovakia,2015,12.882,,
ESTAT:NRG_IND_REN$DEFAULTVIEW(1.0),19/09/24 23:00:00,Annual,Renewable energy - overall,Percentage,Slovakia,2016,12.029,,
ESTAT:NRG_IND_REN$DEFAULTVIEW(1.0),19/09/24 23:00:00,Annual,Renewable energy - overall,Percentage,Slovakia,2017,11.465,,
ESTAT:NRG_IND_REN$DEFAULTVIEW(1.0),19/09/24 23:00:00,Annual,Renewable energy - overall,Percentage,Slovakia,2018,11.896,,
ESTAT:NRG_IND_REN$DEFAULTVIEW(1.0),19/09/24 23:00:00,Annual,Renewable energy - overall,Percentage,Slovakia,2019,16.894,,
ESTAT:NRG_IND_REN$DEFAULTVIEW(1.0),19/09/24 23:00:00,Annual,Renewable energy - overall,Percentage,Slovakia,2020,17.345,,
ESTAT:NRG_IND_REN$DEFAULTVIEW(1.0),19/09/24 23:00:00,Annual,Renewable energy - overall,Percentage,Slovakia,2021,17.419,,
ESTAT:NRG_IND_REN$DEFAULTVIEW(1.0),19/09/24 23:00:00,Annual,Renewable energy - overall,Percentage,Slovakia,2022,17.481,,
ESTAT:NRG_IND_REN$DEFAULTVIEW(1.0),19/09/24 23:00:00,Annual,Renewable energy - overall,Percentage,Slovakia,2023,16.990,,
ESTAT:NRG_IND_REN$DEFAULTVIEW(1.0),19/09/24 23:00:00,Annual,Renewable energy - overall,Percentage,Kosovo*,2014,19.544,,
ESTAT:NRG_IND_REN$DEFAULTVIEW(1.0),19/09/24 23:00:00,Annual,Renewable energy - overall,Percentage,Kosovo*,2015,18.484,,
ESTAT:NRG_IND_REN$DEFAULTVIEW(1.0),19/09/24 23:00:00,Annual,Renewable energy - overall,Percentage,Kosovo*,2016,24.472,,
ESTAT:NRG_IND_REN$DEFAULTVIEW(1.0),19/09/24 23:00:00,Annual,Renewable energy - overall,Percentage,Kosovo*,2017,23.082,,
ESTAT:NRG_IND_REN$DEFAULTVIEW(1.0),19/09/24 23:00:00,Annual,Renewable energy - overall,Percentage,Kosovo*,2018,24.616,,
ESTAT:NRG_IND_REN$DEFAULTVIEW(1.0),19/09/24 23:00:00,Annual,Renewable energy - overall,Percentage,Kosovo*,2019,24.215,,
ESTAT:NRG_IND_REN$DEFAULTVIEW(1.0),19/09/24 23:00:00,Annual,Renewable energy - overall,Percentage,Kosovo*,2020,24.401,,
ESTAT:NRG_IND_REN$DEFAULTVIEW(1.0),19/09/24 23:00:00,Annual,Renewable energy - overall,Percentage,Kosovo*,2021,22.14,,
ESTAT:NRG_IND_REN$DEFAULTVIEW(1.0),19/09/24 23:00:00,Annual,Renewable energy - overall,Percentage,Kosovo*,2022,18.779,,
